{
  "Total" : {
    "transaction" : "Total",
    "sampleCount" : 200,
    "errorCount" : 0,
    "errorPct" : 0.0,
    "meanResTime" : 31.445000000000004,
    "medianResTime" : 30.5,
    "minResTime" : 0.0,
    "maxResTime" : 106.0,
    "pct1ResTime" : 62.0,
    "pct2ResTime" : 63.94999999999999,
    "pct3ResTime" : 98.69000000000028,
    "throughput" : 6.817097279978185,
    "receivedKBytesPerSec" : 8.88419562512782,
    "sentKBytesPerSec" : 1.7741761964005727
  },
  "Login Request-1" : {
    "transaction" : "Login Request-1",
    "sampleCount" : 50,
    "errorCount" : 0,
    "errorPct" : 0.0,
    "meanResTime" : 1.0999999999999999,
    "medianResTime" : 1.0,
    "minResTime" : 0.0,
    "maxResTime" : 2.0,
    "pct1ResTime" : 2.0,
    "pct2ResTime" : 2.0,
    "pct3ResTime" : 2.0,
    "throughput" : 1.7103372785113224,
    "receivedKBytesPerSec" : 0.41756281213655333,
    "sentKBytesPerSec" : 0.250537687281932
  },
  "Login Request-2" : {
    "transaction" : "Login Request-2",
    "sampleCount" : 50,
    "errorCount" : 0,
    "errorPct" : 0.0,
    "meanResTime" : 2.02,
    "medianResTime" : 2.0,
    "minResTime" : 1.0,
    "maxResTime" : 3.0,
    "pct1ResTime" : 3.0,
    "pct2ResTime" : 3.0,
    "pct3ResTime" : 3.0,
    "throughput" : 1.7102787754403967,
    "receivedKBytesPerSec" : 3.301973768599282,
    "sentKBytesPerSec" : 0.2588800880793569
  },
  "Login Request" : {
    "transaction" : "Login Request",
    "sampleCount" : 50,
    "errorCount" : 0,
    "errorPct" : 0.0,
    "meanResTime" : 63.10000000000001,
    "medianResTime" : 62.0,
    "minResTime" : 61.0,
    "maxResTime" : 106.0,
    "pct1ResTime" : 64.0,
    "pct2ResTime" : 66.35,
    "pct3ResTime" : 106.0,
    "throughput" : 1.7042743199945463,
    "receivedKBytesPerSec" : 4.44209781256391,
    "sentKBytesPerSec" : 0.8870880982002863
  },
  "Login Request-0" : {
    "transaction" : "Login Request-0",
    "sampleCount" : 50,
    "errorCount" : 0,
    "errorPct" : 0.0,
    "meanResTime" : 59.56,
    "medianResTime" : 58.0,
    "minResTime" : 58.0,
    "maxResTime" : 99.0,
    "pct1ResTime" : 60.0,
    "pct2ResTime" : 62.89999999999999,
    "pct3ResTime" : 99.0,
    "throughput" : 1.7044486108743822,
    "receivedKBytesPerSec" : 0.7357092636782001,
    "sentKBytesPerSec" : 0.37950613601499916
  }
}